board,angle,climb_name,date,logged_grade,displayed_grade,is_benchmark,tries,is_mirror,sessions_count,tries_total,is_repeat,is_ascent,comment
tension,20,yellowbagger,2020-02-14 09:11:33,6b/V4,6c+/V5,True,1,False,1,1,False,True,
tension,20,Goo Lagoon,2020-02-16 08:32:39,6b/V4,6b/V4,True,1,False,1,1,False,True,
tension,20,Soap Opera,2020-02-16 10:32:07,6b/V4,6c+/V5,True,1,False,1,1,False,True,
tension,20,Whoppin’ V1,2020-02-27 05:45:49,4a/V0,4a/V0,False,1,True,1,1,False,True,
tension,20,Whoppin’ V1,2020-02-27 05:50:02,4a/V0,4a/V0,False,1,True,1,2,True,True,
tension,20,Bethany,2020-02-27 05:52:55,4a/V0,4b/V0,False,1,False,1,1,False,True,
tension,20,crimpers,2020-02-27 05:59:24,5a/V1,5c/V2,True,1,False,1,1,False,True,
tension,20,crimpers,2020-02-27 05:59:44,5a/V1,5c/V2,True,1,False,1,2,True,True,
tension,20,Cats are better than dogs,2020-02-27 06:06:29,5c/V2,5c/V2,False,1,False,1,1,False,True,
tension,20,Fear Not Of Man,2020-02-27 06:16:24,6b/V4,6b/V4,True,1,False,1,1,False,True,
tension,20,Margarita Sweet,2020-02-27 06:24:38,6b/V4,6b/V4,False,1,False,1,1,False,True,
tension,20,Pre-game,2020-02-29 07:54:54,4a/V0,4a/V0,False,1,True,1,1,False,True,
tension,30,Sendin’ the Gnar,2020-02-29 07:57:23,4a/V0,5a/V1,False,1,False,1,1,False,True,
tension,30,Dull Scissors,2020-02-29 08:00:14,5c/V2,6a/V3,True,1,False,1,1,False,True,
tension,30,Dull Scissors,2020-02-29 08:03:03,5c/V2,6a/V3,True,1,True,1,1,False,True,
tension,30,compass trailblazers,2020-02-29 08:08:10,6a/V3,6a/V3,False,1,True,1,1,False,True,
tension,40,hi there 3,2021-04-05 10:42:45,6a/V3,6a+/V3,True,1,False,1,1,False,True,
tension,40,hi there 3,2021-04-05 14:51:14,6a/V3,6a+/V3,True,1,True,1,1,False,True,
tension,40,whooosh ++,2021-04-06 09:25:42,6b/V4,6b/V4,False,1,False,1,1,False,True,
tension,40,to short for reach,2021-04-17 14:36:44,5c/V2,5c/V2,False,1,False,1,1,False,True,
tension,40,to short for reach,2021-04-17 14:36:58,5c/V2,5c/V2,False,1,True,1,1,False,True,
tension,40,grab by the balls,2021-04-17 14:39:51,6c/V5,6c/V5,False,1,False,1,1,False,True,
tension,40,grab by the balls,2021-04-17 14:40:03,6c/V5,6c/V5,False,1,True,1,1,False,True,
tension,40,on-sight plus,2021-04-17 14:40:31,6c/V5,6c/V5,True,1,False,1,1,False,True,
tension,40,on-sight plus,2021-04-17 14:40:45,6c/V5,6c/V5,True,1,True,1,1,False,True,
tension,40,enduring #1,2021-04-17 14:41:31,5a/V1,6a/V3,False,1,False,1,1,False,True,
tension,40,enduring #1,2021-04-17 14:41:51,5c/V2,6a/V3,False,1,True,1,1,False,True,
tension,40,Holler,2021-05-14 15:50:01,5c/V2,6a/V3,True,1,False,1,1,False,True,
tension,40,Holler,2021-05-14 15:51:46,5c/V2,6a/V3,True,1,True,1,1,False,True,
tension,40,Jiggles,2021-05-14 15:54:54,6a/V3,6b/V4,True,1,False,1,1,False,True,
tension,40,Shimmy,2021-05-17 13:02:22,6a/V3,6c/V5,True,1,False,1,1,False,True,
tension,40,Intro To Power,2021-05-17 13:03:02,6b/V4,6b/V4,True,1,False,1,1,False,True,
tension,40,the warmup,2021-05-17 13:05:11,5c/V2,5c/V2,True,1,False,1,1,False,True,
tension,40,the warmup,2021-05-17 13:06:48,5c/V2,5c/V2,True,1,True,1,1,False,True,
tension,40,My First Rodeo,2021-05-17 13:36:19,7a/V6,7a/V6,True,1,False,1,1,False,True,
tension,40,Fat Banana,2021-05-19 12:53:41,7a/V6,7a/V6,True,1,False,1,1,False,True,
tension,40,It's Alive!,2021-06-03 06:05:22,5a/V1,5b/V1,True,1,False,1,1,False,True,
tension,40,It's Alive!,2021-06-03 06:07:08,5a/V1,5b/V1,True,1,True,1,1,False,True,
tension,40,the speedy sloth,2021-06-03 06:09:07,5c/V2,6a/V3,False,1,False,1,1,False,True,
tension,40,the speedy sloth,2021-06-03 06:12:43,5c/V2,6a/V3,False,1,True,1,1,False,True,
tension,40,Gaston to Gaston,2021-06-12 08:33:54,6a/V3,6a/V3,True,1,False,1,1,False,True,
tension,40,Gaston to Gaston,2021-06-12 08:35:03,6a/V3,6a/V3,True,1,True,1,1,False,True,
tension,45,ty24,2021-07-05 14:59:04,5b/V1,5b/V1,False,1,False,1,1,False,True,
tension,45,ty24,2021-07-05 15:00:01,5b/V1,5b/V1,False,1,True,1,1,False,True,
tension,45,shift weight,2021-07-05 15:03:10,5c/V2,5c/V2,False,3,True,1,3,False,True,
tension,45,Pre-game,2021-07-06 10:16:33,5a/V1,4c/V0,True,1,False,1,1,False,True,
tension,45,Pre-game,2021-07-06 10:17:05,5a/V1,4c/V0,True,1,True,1,1,False,True,
tension,45,Dull Scissors,2021-07-06 11:11:39,6a/V3,6a/V3,True,1,False,1,1,False,True,
tension,45,on-sight plus,2021-07-06 11:12:38,6c+/V5,6c+/V5,True,1,False,1,1,False,True,
tension,45,on-sight plus,2021-07-06 11:12:43,6c+/V5,6c+/V5,True,1,False,1,2,True,True,
tension,45,Matchbook,2021-07-06 11:13:27,5c/V2,5c/V2,True,1,False,1,1,False,True,
tension,45,Matchbook,2021-07-06 11:13:37,5c/V2,5c/V2,True,1,True,1,1,False,True,
tension,45,gustavs 5b,2021-07-09 08:31:55,5c/V2,5c/V2,False,1,False,1,1,False,True,
tension,45,gustavs 5b,2021-07-09 08:36:13,5c/V2,5c/V2,False,2,True,1,2,False,True,
tension,45,Sierra Dawn,2021-07-09 08:47:29,5b/V1,5b/V1,False,2,True,1,2,False,True,
tension,45,Bumble,2021-07-09 08:57:00,6a/V3,6b/V4,False,2,True,1,2,False,True,
tension,50,Bumble,2021-07-09 09:20:03,6b/V4,6a+/V3,False,2,True,1,2,False,True,
tension,50,Bumble,2021-07-09 09:20:11,6b/V4,6a+/V3,False,1,False,1,1,False,True,
tension,50,Bumble,2021-07-09 09:20:23,6a/V3,6a+/V3,False,1,False,1,2,True,True,
tension,50,Bumble,2021-07-09 09:20:36,6a/V3,6a+/V3,False,1,True,1,3,True,True,
tension,45,Bumble,2021-07-09 09:20:55,6a/V3,6b/V4,False,1,False,1,1,False,True,
tension,40,Legion,2021-07-11 11:22:10,6c/V5,6c/V5,True,2,False,1,2,False,True,
tension,40,Legion,2021-07-11 11:22:17,6c/V5,6c/V5,True,2,False,1,4,True,True,
tension,40,Legion,2021-07-11 11:22:18,6c/V5,6c/V5,True,2,False,1,6,True,True,
tension,40,Legion,2021-07-11 11:23:06,6c/V5,6c/V5,True,2,False,1,8,True,True,
tension,40,Legion,2021-07-11 11:23:07,6c/V5,6c/V5,True,2,False,1,10,True,True,
tension,40,Goo Lagoon,2021-07-16 14:06:30,7a/V6,7a/V6,True,4,False,1,4,False,True,
tension,25,Holler,2021-07-17 09:54:46,5a/V1,5a/V1,True,1,True,1,1,False,True,
tension,25,Holler,2021-07-17 09:54:51,5a/V1,5a/V1,True,1,False,1,1,False,True,
tension,25,Switching Places,2021-07-17 09:56:47,5a/V1,5a/V1,True,1,False,1,1,False,True,
tension,25,Switching Places,2021-07-17 09:58:36,5a/V1,5a/V1,True,1,True,1,1,False,True,
tension,25,JUG,2021-07-17 10:00:33,5a/V1,5a/V1,True,1,True,1,1,False,True,
tension,25,JUG,2021-07-17 10:02:39,5a/V1,5a/V1,True,1,False,1,1,False,True,
tension,20,When Crimps Learn To Whistle,2021-07-18 09:40:58,6a+/V3,6a+/V3,True,2,False,1,2,False,True,
tension,20,When Crimps Learn To Whistle,2021-07-18 10:29:45,6a+/V3,6a+/V3,True,1,True,1,1,False,True,
tension,40,WAYNE,2021-07-23 12:00:56,7a+/V7,7a+/V7,True,4,False,1,4,False,True,
tension,30,When Crimps Learn To Whistle,2021-07-25 09:30:47,6b/V4,6b/V4,True,1,True,1,1,False,True,
tension,35,When Crimps Learn To Whistle,2021-07-25 10:10:26,6c/V5,6c/V5,False,1,False,1,1,False,True,
tension,25,Big Pinch Pinchin',2021-07-31 09:45:20,6a+/V3,6a+/V3,True,1,False,1,1,False,True,
tension,25,Big Pinch Pinchin',2021-07-31 09:45:29,6a+/V3,6a+/V3,True,1,True,1,1,False,True,
tension,25,the speedy sloth,2021-07-31 09:47:12,5b/V1,6a/V3,False,1,True,1,1,False,True,
tension,25,the speedy sloth,2021-07-31 09:49:23,5a/V1,6a/V3,False,1,False,1,1,False,True,
tension,25,the speedy sloth,2021-07-31 09:49:37,5a/V1,6a/V3,False,1,False,1,2,True,True,
tension,25,Shimmy,2021-07-31 09:51:28,6a/V3,6a+/V3,True,1,False,1,1,False,True,
tension,35,When Crimps Learn To Whistle,2021-08-01 09:22:50,6c/V5,6c/V5,False,1,False,2,2,True,True,
tension,40,Sea Freight,2021-08-06 13:45:58,5c/V2,5c/V2,True,1,False,1,1,False,True,
tension,40,Sea Freight,2021-08-06 13:49:11,5c/V2,5c/V2,True,1,True,1,1,False,True,
tension,40,Eyukaliptus,2021-08-06 14:30:07,6b/V4,6b/V4,False,2,True,1,2,False,True,
tension,40,Listerene,2021-08-06 14:35:09,6b+/V4,6b+/V4,True,2,True,1,2,False,True,
tension,40,Laser Camera,2021-08-07 09:57:25,6a/V3,6a/V3,True,1,True,1,1,False,True,
tension,40,Laser Camera,2021-08-07 09:57:30,6a/V3,6a/V3,True,1,False,1,1,False,True,
tension,40,bell bottoms,2021-08-08 09:52:53,6a/V3,6a/V3,True,1,False,1,1,False,True,
tension,40,Switching Places,2021-08-08 09:53:13,5c/V2,5c/V2,True,1,True,1,1,False,True,
tension,30,Holler,2021-08-15 09:50:42,5c/V2,5c/V2,True,1,True,1,1,False,True,
tension,30,Holler,2021-08-15 09:50:49,5c/V2,5c/V2,True,1,False,1,1,False,True,
tension,30,It's Alive!,2021-08-15 09:51:39,5c/V2,5c/V2,True,1,False,1,1,False,True,
tension,30,It's Alive!,2021-08-15 09:52:31,5c/V2,5c/V2,True,1,True,1,1,False,True,
tension,30,Switching Places,2021-08-15 09:53:38,5c/V2,5c/V2,True,1,True,1,1,False,True,
tension,30,Switching Places,2021-08-15 09:54:39,5c/V2,5c/V2,True,1,False,1,1,False,True,
tension,30,the speedy sloth,2021-08-15 09:55:33,6a/V3,6a/V3,True,1,False,1,1,False,True,
tension,30,the speedy sloth,2021-08-15 09:56:25,6a/V3,6a/V3,True,1,True,1,1,False,True,
tension,30,the warmup,2021-08-15 09:58:30,5c/V2,5c/V2,True,1,True,1,1,False,True,
tension,30,the warmup,2021-08-15 09:59:33,5c/V2,5c/V2,True,1,False,1,1,False,True,
tension,30,Crystalline,2021-08-15 10:02:33,6a/V3,6a/V3,True,2,True,1,2,False,True,
tension,30,Lift Kit,2021-08-15 10:03:36,5c/V2,5c/V2,True,1,True,1,1,False,True,
tension,30,Lift Kit,2021-08-15 10:04:34,5c/V2,5c/V2,True,1,False,1,1,False,True,
tension,40,JUG,2021-08-20 15:59:49,6a+/V3,6a+/V3,True,1,False,1,1,False,True,
tension,40,bell bottoms,2021-08-20 16:01:43,6a/V3,6a/V3,True,1,False,2,2,True,True,
tension,40,When Crimps Learn To Whistle,2021-08-20 16:11:37,6c+/V5,6c+/V5,True,1,False,1,1,False,True,
tension,40,When Crimps Learn To Whistle,2021-08-20 16:11:44,6c+/V5,6c+/V5,True,1,False,1,2,True,True,
tension,40,When Crimps Learn To Whistle,2021-08-20 16:11:50,6c+/V5,6c+/V5,True,1,False,1,3,True,True,
tension,40,We Scream Like Eagles,2021-08-20 16:31:26,6c/V5,6c/V5,True,2,False,1,2,False,True,
tension,40,on-sight plus,2021-08-20 16:49:36,6c/V5,6c/V5,True,1,False,2,2,True,True,
tension,40,gastin' out,2021-08-20 16:50:06,7a/V6,7a/V6,False,1,False,1,1,False,True,
tension,30,Hot Dogs,2021-08-21 09:26:16,5c/V2,5c/V2,True,1,False,1,1,False,True,
tension,30,Hot Dogs,2021-08-21 09:27:21,5c/V2,5c/V2,True,1,True,1,1,False,True,
tension,30,Tell Me,2021-08-21 09:28:18,5c/V2,5c/V2,True,1,True,1,1,False,True,
tension,30,Tell Me,2021-08-21 09:29:21,5c/V2,5c/V2,True,1,False,1,1,False,True,
tension,30,Bye Bye Henry,2021-08-21 09:30:20,5c/V2,5c/V2,True,1,False,1,1,False,True,
tension,30,Bye Bye Henry,2021-08-21 09:31:16,5c/V2,5c/V2,True,1,True,1,1,False,True,
tension,40,Hyperthenar,2021-08-22 16:23:21,7a+/V7,7a+/V7,True,4,False,1,4,False,True,
tension,40,Protector of the Skinny Dog,2021-08-22 16:23:37,7a/V6,7a/V6,True,4,False,1,4,False,True,
tension,40,Finger Circuit 1,2021-08-27 14:27:53,6c/V5,6c/V5,True,6,False,1,6,False,True,
tension,30,Bubbles,2021-08-28 09:44:12,6a/V3,6a/V3,True,1,False,1,1,False,True,
tension,30,Bubbles,2021-08-28 09:45:00,6a/V3,6a/V3,True,1,True,1,1,False,True,
tension,30,Bye Bye Henry,2021-08-28 09:49:57,5c/V2,5c/V2,True,1,True,2,2,True,True,
tension,30,Villan,2021-08-28 09:56:05,6a/V3,6a/V3,True,1,False,1,1,False,True,
tension,30,Sea Freight,2021-08-28 10:05:55,5a/V1,5c/V2,True,1,False,1,1,False,True,
tension,40,Flink and Blink,2021-09-12 10:08:19,6c+/V5,6c/V5,False,1,False,1,1,False,True,
tension,30,Big Pinch Pinchin',2021-09-12 10:25:36,6b/V4,6b+/V4,True,3,False,1,3,False,True,
tension,30,Big Pinch Pinchin',2021-09-12 10:33:06,6b/V4,6b+/V4,True,1,True,1,1,False,True,
tension,30,Bye Bye Henry,2021-09-18 09:24:31,5c/V2,5c/V2,True,1,False,2,2,True,True,
tension,30,Big Pinch Laps,2021-09-18 09:26:36,6a/V3,6a/V3,True,1,False,1,1,False,True,
tension,30,Big Pinch Laps,2021-09-18 09:28:36,6a/V3,6a/V3,True,2,True,1,2,False,True,
tension,30,Hot Dogs,2021-09-18 09:29:33,5c/V2,5c/V2,True,1,False,2,2,True,True,
tension,30,Hot Dogs,2021-09-18 09:31:25,5c/V2,5c/V2,True,1,True,2,2,True,True,
tension,30,Bubbles,2021-09-18 09:33:30,6a/V3,6a/V3,True,1,False,2,2,True,True,
tension,30,Sea Freight,2021-09-18 09:45:48,5a/V1,5c/V2,True,1,True,1,1,False,True,
tension,40,Dull Scissors,2021-09-24 14:16:57,6a/V3,6a/V3,True,1,False,1,1,False,True,
tension,40,Dull Scissors,2021-09-24 14:18:36,6a/V3,6a/V3,True,1,True,1,1,False,True,
tension,40,Big Pinch Pinchin',2021-09-24 14:20:35,7a/V6,6c/V5,True,1,False,1,1,False,True,
tension,35,Bubbles,2021-09-25 09:26:42,6a/V3,6a+/V3,True,1,False,1,1,False,True,
tension,35,Bubbles,2021-09-25 09:27:35,6a/V3,6a+/V3,True,1,True,1,1,False,True,
tension,35,the warmup,2021-09-25 09:29:35,5c/V2,5c/V2,True,1,False,1,1,False,True,
tension,35,the warmup,2021-09-25 09:30:32,5c/V2,5c/V2,True,1,True,1,1,False,True,
tension,35,Pre-game,2021-09-25 09:31:29,4a/V0,4a/V0,False,1,False,1,1,False,True,
tension,35,Steel Drum,2021-09-25 09:33:38,6a/V3,6a/V3,True,1,False,1,1,False,True,
tension,35,Steel Drum,2021-09-25 09:34:29,6a/V3,6a/V3,True,1,True,1,1,False,True,
tension,35,baby it’s cold outside,2021-09-25 09:36:26,5a/V1,5a/V1,True,1,True,1,1,False,True,
tension,35,Just for Funsies,2021-09-25 09:37:38,5a/V1,5a/V1,False,1,False,1,1,False,True,
tension,35,Just for Funsies,2021-09-25 09:39:38,5a/V1,5a/V1,False,1,True,1,1,False,True,
tension,35,Pinchy V3,2021-09-25 09:43:25,6a/V3,6a/V3,True,1,True,1,1,False,True,
tension,40,Flink and Blink,2021-09-26 09:23:23,6c+/V5,6c/V5,False,1,False,2,2,True,True,
tension,40,Flink and Blink,2021-09-26 09:34:45,6c+/V5,6c/V5,False,1,False,2,3,True,True,
tension,40,Flink and Blink,2021-09-26 09:49:48,6c+/V5,6c/V5,False,1,False,2,4,True,True,
tension,40,Flink and Blink,2021-09-26 09:49:54,6c+/V5,6c/V5,False,1,True,1,1,False,True,
tension,25,The Speedy Sloth (P),2021-10-14 16:53:58,5b/V1,5b/V1,False,1,False,1,1,False,True,
tension,25,The Speedy Sloth (P),2021-10-14 16:55:10,5b/V1,5b/V1,False,1,True,1,1,False,True,
tension,25,on-sight plus,2021-10-14 16:55:43,6b/V4,6b/V4,False,1,False,1,1,False,True,
tension,25,Jonah’s first gooooood climb,2021-10-14 16:58:09,4c/V0,4c/V0,False,1,False,1,1,False,True,
tension,25,Jonah’s first gooooood climb,2021-10-14 17:01:02,4c/V0,4c/V0,False,1,True,1,1,False,True,
tension,40,loser,2021-10-17 14:46:28,5c/V2,5c/V2,True,1,False,1,1,False,True,
tension,40,loser,2021-10-17 14:48:09,5c/V2,5c/V2,True,1,True,1,1,False,True,
tension,40,Steel Drum,2021-10-17 14:51:56,5c/V2,6a/V3,True,1,True,1,1,False,True,
tension,40,Go Figure,2021-10-28 18:16:39,5a/V1,5a/V1,True,1,False,1,1,False,True,
tension,40,Gabes flappy pants,2021-11-04 17:45:30,5a/V1,5a/V1,True,1,False,1,1,False,True,
tension,40,Gabes flappy pants,2021-11-04 17:47:06,5a/V1,5a/V1,True,1,True,1,1,False,True,
tension,40,lefty loosy,2021-11-04 17:49:09,5a/V1,5a/V1,True,1,False,1,1,False,True,
tension,40,lefty loosy,2021-11-04 17:50:19,5a/V1,5a/V1,True,1,True,1,1,False,True,
tension,40,Carnation,2021-11-04 18:07:20,6b/V4,6b/V4,True,1,False,1,1,False,True,
tension,45,Pinchy V3,2021-11-07 08:19:36,6c+/V5,6a/V3,False,4,True,1,4,False,True,
tension,50,Pinchy V3,2022-01-16 17:08:21,6c/V5,6a+/V3,False,5,False,1,5,False,True,
tension,50,Pinchy V3,2022-01-16 17:21:15,6c/V5,6a+/V3,False,3,True,1,3,False,True,
tension,40,Bubbles,2022-01-23 09:50:21,6b/V4,6b+/V4,True,3,True,1,3,False,True,
tension,40,Bubbles,2022-01-23 10:10:05,6b/V4,6b+/V4,True,2,False,1,2,False,True,
tension,25,Big Pinch Pinchin',2022-06-03 06:44:06,6a+/V3,6a+/V3,True,1,True,2,2,True,True,
tension,25,Love Tap,2022-06-03 07:03:32,6b/V4,6c+/V5,False,3,False,1,3,False,True,
tension,25,Love Tap,2022-06-03 07:15:01,6b/V4,6c+/V5,False,3,True,1,3,False,True,
tension,30,Legion,2022-06-03 07:53:28,6c/V5,6c/V5,True,3,False,1,3,False,True,
tension,30,Legion,2022-06-04 20:38:25,6b/V4,6c/V5,True,2,False,2,5,True,True,
tension,30,Holler,2022-06-05 14:40:02,5c/V2,5c/V2,True,1,False,2,2,True,True,
tension,30,Holler,2022-06-05 14:42:22,5c/V2,5c/V2,True,1,True,2,2,True,True,
tension,30,lefty loosy,2022-06-05 14:44:43,5a/V1,5a/V1,True,1,True,1,1,False,True,
tension,30,lefty loosy,2022-06-05 14:47:40,5a/V1,5a/V1,True,1,False,1,1,False,True,
tension,30,When Crimps Learn To Whistle,2022-06-05 14:50:02,6a+/V3,6b/V4,True,1,False,1,1,False,True,
tension,30,Big Pinch Laps,2022-06-05 15:14:30,6a/V3,6a/V3,True,1,False,2,2,True,True,
tension,30,Big Pinch Pinchin',2022-06-05 15:14:49,6b/V4,6b+/V4,True,1,False,2,4,True,True,
tension,30,My First Rodeo,2022-06-05 15:15:32,6b/V4,6b+/V4,True,1,False,1,1,False,True,
tension,30,My First Rodeo,2022-06-05 15:20:29,6b/V4,6b+/V4,True,1,False,1,2,True,True,
tension,30,My First Rodeo,2022-06-05 15:22:40,6b/V4,6b+/V4,True,1,True,1,1,False,True,
tension,30,Legion,2022-06-05 15:30:35,6c/V5,6c/V5,True,3,True,1,3,False,True,
tension,30,Big Pinch Laps,2022-06-05 15:40:54,6a/V3,6a/V3,True,1,False,2,3,True,True,
tension,30,Finger Circuit 1,2022-06-09 06:57:24,5c/V2,6b/V4,True,1,False,1,1,False,True,
tension,30,My First Rodeo,2022-06-09 07:27:41,6b/V4,6b+/V4,True,1,True,2,2,True,True,
tension,30,Big Pinch Pinchin',2022-06-09 07:57:31,6b/V4,6b+/V4,True,1,True,2,2,True,True,
tension,30,Legion,2022-06-09 20:36:59,6b+/V4,6c/V5,True,1,False,3,6,True,True,
tension,30,Legion,2022-06-09 20:37:11,6b+/V4,6c/V5,True,1,True,2,4,True,True,
tension,40,the speedy sloth,2022-06-16 07:27:34,5c/V2,6a/V3,False,1,False,2,2,True,True,
tension,40,the speedy sloth,2022-06-16 07:28:25,5c/V2,6a/V3,False,1,True,2,2,True,True,
tension,40,Villan,2022-06-19 09:22:26,6b/V4,6b/V4,True,1,False,1,1,False,True,
tension,40,Villan,2022-06-19 09:27:42,6b/V4,6b/V4,True,2,True,1,2,False,True,Feel hard on wrist 
tension,35,My First Rodeo,2022-06-23 07:24:38,6b+/V4,6c/V5,False,1,True,1,1,False,True,
tension,35,My First Rodeo,2022-06-23 07:24:55,6b+/V4,6c/V5,False,1,False,1,1,False,True,
tension,30,Legion,2022-06-23 07:30:16,6c/V5,6c/V5,True,1,False,4,7,True,True,
tension,30,Legion,2022-06-23 07:33:28,6c/V5,6c/V5,True,1,True,3,5,True,True,
tension,30,Finger Circuit 1,2022-06-23 07:39:55,5c/V2,6b/V4,True,1,True,1,1,False,True,
tension,30,Finger Circuit 1,2022-06-23 07:41:46,5c/V2,6b/V4,True,1,True,1,2,True,True,
tension,30,Finger Circuit 1,2022-06-23 07:43:56,5c/V2,6b/V4,True,1,True,1,3,True,True,
tension,40,Pre-game,2022-06-30 06:15:19,4a/V0,4a/V0,True,1,False,1,1,False,True,
tension,40,Pre-game,2022-06-30 06:17:00,4a/V0,4a/V0,True,1,True,1,1,False,True,
tension,40,Jug-Tastic,2022-06-30 06:18:07,5a/V1,5a/V1,True,1,True,1,1,False,True,
tension,40,Jug-Tastic,2022-06-30 06:19:41,5a/V1,5a/V1,True,1,False,1,1,False,True,
tension,40,Persian cat,2022-06-30 06:21:09,5a/V1,5a/V1,True,1,False,1,1,False,True,
tension,40,Persian cat,2022-06-30 06:22:33,5a/V1,5a/V1,True,1,True,1,1,False,True,
tension,40,Bubbles,2022-06-30 06:36:11,6b+/V4,6b+/V4,True,1,True,2,4,True,True,
tension,40,Bubbles,2022-06-30 06:44:27,6c/V5,6b+/V4,True,2,False,2,4,True,True,
tension,40,My First Rodeo,2022-06-30 07:09:37,7a/V6,7a/V6,True,5,False,2,6,True,True,Kind of stiff skipping 12-d 
tension,25,Laser Camera,2022-07-03 09:08:34,4b/V0,4b/V0,False,1,False,1,1,False,True,
tension,25,Laser Camera,2022-07-03 09:09:43,4b/V0,4b/V0,False,1,True,1,1,False,True,
tension,25,CRIMP TRAINER,2022-07-03 09:33:29,7a/V6,7a/V6,True,4,True,1,4,False,True,Finger classic 
tension,25,CRIMP TRAINER,2022-07-03 09:36:23,7a/V6,7a/V6,True,5,False,1,5,False,True,
tension,40,drizzle frizzle,2022-07-03 10:12:55,7a/V6,7a/V6,True,3,False,1,3,False,True,
tension,30,Less Power,2022-07-17 09:20:01,6a/V3,6a/V3,True,2,False,1,2,False,True,
tension,30,No Brunch for this Bunch,2022-07-17 09:22:51,6a+/V3,6b/V4,True,1,False,1,1,False,True,
tension,30,No Brunch for this Bunch,2022-07-17 09:25:30,6a+/V3,6b/V4,True,1,True,1,1,False,True,
tension,40,We Don’t Tweet,2022-07-17 09:42:47,6b/V4,6b/V4,True,2,True,1,2,False,True,
tension,40,We Don’t Tweet,2022-07-17 09:45:44,6b/V4,6b/V4,True,2,True,1,4,True,True,
tension,40,Bubbles,2022-07-17 10:15:10,6c/V5,6b+/V4,True,2,False,3,6,True,True,
tension,40,Bubbles,2022-07-17 10:18:26,6c/V5,6b+/V4,True,1,True,3,5,True,True,
tension,40,Legion,2022-07-21 07:13:35,6c/V5,6c/V5,True,1,False,2,11,True,True,
tension,40,Finger Circuit 1,2022-07-21 07:28:29,6c/V5,6c/V5,True,1,False,2,7,True,True,
tension,40,Finger Circuit 1,2022-07-21 07:33:12,6c/V5,6c/V5,True,1,True,1,1,False,True,
tension,40,Bubbles,2022-07-22 09:07:15,6c/V5,6b+/V4,True,1,False,4,7,True,True,
tension,40,Cranberry Sauce,2022-07-22 09:19:57,6b/V4,6b/V4,True,1,True,1,1,False,True,
tension,20,Whatever,2022-07-30 09:15:14,5c/V2,5c/V2,True,1,False,1,1,False,True,
tension,20,Holler,2022-07-30 09:18:32,6a/V3,6a/V3,True,1,False,1,1,False,True,
tension,20,pinches,2022-07-30 09:21:33,6a/V3,6a/V3,False,1,False,1,1,False,True,
tension,20,Bubbles,2022-07-30 09:24:46,5c/V2,5c/V2,True,1,False,1,1,False,True,
tension,20,Sea Freight,2022-07-30 09:27:57,5c/V2,5c/V2,False,1,False,1,1,False,True,
tension,40,Riopio,2022-07-31 08:56:18,4a/V0,4a/V0,True,1,False,1,1,False,True,
tension,40,Cranberry Sauce,2022-07-31 09:01:17,6b/V4,6b/V4,True,2,False,1,2,False,True,Hard on right hand 
tension,40,Hot Dogs,2022-07-31 09:03:03,6a/V3,6a/V3,True,1,False,1,1,False,True,
tension,40,Hot Dogs,2022-07-31 09:13:52,6a/V3,6a/V3,True,2,False,1,3,True,True,Cool for feet cutting 
tension,40,Hot Dogs,2022-07-31 09:35:06,6a/V3,6a/V3,True,2,True,1,2,False,True,
tension,40,Hot Dogs,2022-07-31 09:37:03,6a/V3,6a/V3,True,1,False,1,4,True,True,
tension,50,Slytherin,2022-08-07 11:15:54,6b/V4,6b/V4,False,4,True,1,4,False,True,
tension,45,Slytherin,2022-08-09 07:52:51,6a+/V3,6a+/V3,True,1,True,1,1,False,True,
tension,50,Slytherin,2022-08-09 07:54:11,6b/V4,6b/V4,False,1,True,2,5,True,True,
tension,50,Slytherin,2022-08-09 08:02:59,6b/V4,6b/V4,False,1,False,1,1,False,True,
tension,50,Pinchy V3,2022-08-09 08:12:48,6c/V5,6a+/V3,False,1,False,2,6,True,True,
tension,35,Love Tap,2022-08-18 07:20:48,7a/V6,7a/V6,False,2,False,1,2,False,True,
tension,35,Like Clockwork Simplified,2022-08-18 07:24:53,6b+/V4,6b+/V4,False,1,False,1,1,False,True,
tension,35,Love Tap,2022-08-18 07:40:46,7a/V6,7a/V6,False,1,False,1,3,True,True,
tension,40,Bubbles,2022-08-21 00:00:00,nan,6b+/V4,True,2,False,5,9,True,False,nan
tension,40,Bubbles,2022-08-21 00:00:00,nan,6b+/V4,True,3,True,4,8,True,False,nan
tension,40,Jiggles,2022-08-21 09:43:47,6a/V3,6b/V4,True,1,True,1,1,False,True,
tension,40,Intro To Power,2022-08-21 10:05:35,6b/V4,6b/V4,True,2,True,1,2,False,True,
tension,25,Big Pinch Laps,2022-08-25 00:00:00,nan,5c/V2,True,1,False,1,1,False,False,nan
tension,35,Foxey Lady,2022-08-25 00:00:00,nan,6c/V5,False,1,True,1,1,False,False,nan
tension,25,Bye Bye Henry,2022-08-25 06:40:17,5a/V1,5a/V1,False,1,False,1,1,False,True,
tension,35,Foxey Lady,2022-08-25 07:13:28,6c/V5,6c/V5,False,1,False,1,1,False,True,
tension,35,Love Tap,2022-08-25 07:34:14,7a/V6,7a/V6,False,2,False,2,5,True,True,
tension,25,Big Pinch Pinchin',2022-09-15 07:19:55,6a+/V3,6a+/V3,True,1,False,2,2,True,True,
tension,25,Hermy's Boulder,2022-09-15 07:21:28,6a/V3,6a/V3,True,1,False,1,1,False,True,
tension,25,Anna Banana,2022-09-15 07:22:56,6b/V4,6b/V4,False,1,False,1,1,False,True,
tension,25,AV1,2022-09-15 07:28:11,6b+/V4,6b+/V4,True,3,False,1,3,False,True,
tension,25,Rip the jug,2022-09-15 07:34:46,6a+/V3,6a/V3,False,1,True,1,1,False,True,
tension,25,Rip the jug,2022-09-15 07:40:37,6a+/V3,6a/V3,False,1,False,1,1,False,True,
tension,30,Fingery,2022-09-18 09:06:31,6a+/V3,6a+/V3,True,1,False,1,1,False,True,
tension,30,Fingery,2022-09-18 09:07:41,6a+/V3,6a+/V3,True,1,True,1,1,False,True,
tension,30,Crystalline,2022-09-18 09:09:22,6a/V3,6a/V3,True,1,False,1,1,False,True,
tension,30,sender2,2022-09-18 09:10:54,6b/V4,6c/V5,True,1,False,1,1,False,True,
tension,30,Captain Progression,2022-09-18 09:34:42,6b/V4,6b/V4,True,1,True,1,1,False,True,
tension,30,Captain Progression,2022-09-27 07:21:58,6b/V4,6b/V4,True,1,True,2,2,True,True,
tension,35,Florida Man,2022-09-27 07:27:12,6b/V4,6b/V4,False,1,False,1,1,False,True,
tension,30,Z E L D A W A V E,2022-09-27 07:32:04,6b/V4,6b/V4,True,1,False,1,1,False,True,
tension,35,Z E L D A W A V E,2022-09-27 07:32:09,6b/V4,6b/V4,True,1,False,1,1,False,True,
tension,30,Excelsior,2022-09-27 07:37:38,6b/V4,6b/V4,True,1,False,1,1,False,True,
tension,35,Excelsior,2022-09-27 07:37:43,6b/V4,6b/V4,True,1,False,1,1,False,True,
tension,40,Riopio,2022-10-23 10:45:20,4a/V0,4a/V0,True,1,True,1,1,False,True,
tension,40,Bye Bye Henry,2022-10-23 10:47:12,5c/V2,5c/V2,True,1,True,1,1,False,True,
tension,40,Less Power,2022-10-23 10:50:50,6b/V4,6b/V4,True,1,False,1,1,False,True,
tension,40,Other Voices,2022-10-25 07:49:13,5c/V2,5c/V2,True,1,False,1,1,False,True,
tension,40,Other Voices,2022-10-25 07:50:20,5c/V2,5c/V2,True,1,True,1,1,False,True,
tension,40,Bethany (S&N),2022-10-25 07:52:39,5c/V2,5c/V2,True,1,True,1,1,False,True,
tension,40,Bethany (S&N),2022-10-25 07:53:51,5c/V2,5c/V2,True,1,False,1,1,False,True,
tension,40,Stunlocked,2022-10-25 07:57:37,6b+/V4,6b+/V4,True,1,True,1,1,False,True,
tension,40,Stunlocked,2022-10-25 07:59:16,6b+/V4,6b+/V4,True,1,False,1,1,False,True,
tension,40,cookies and cream,2022-10-30 09:33:24,6b/V4,6b/V4,True,1,False,1,1,False,True,
tension,40,cookies and cream,2022-10-30 09:34:30,6b/V4,6b/V4,True,1,True,1,1,False,True,
tension,40,nails in my candy,2022-10-30 09:56:12,7a/V6,7a/V6,True,1,False,1,1,False,True,
tension,40,Z E L D A W A V E,2022-10-30 10:00:14,6c/V5,6c/V5,True,1,False,1,1,False,True,
tension,40,Love Tap,2022-10-30 10:17:55,7b/V8,7b/V8,True,1,False,1,1,False,True,
tension,40,Spaghetti Noodles,2022-11-09 07:07:38,6a/V3,6a/V3,True,1,False,1,1,False,True,
tension,40,crimpson tide,2022-11-09 07:31:44,7a+/V7,7a+/V7,False,1,True,1,1,False,True,
tension,40,come thru fam,2022-12-04 10:06:11,6b/V4,6b/V4,True,1,False,1,1,False,True,
tension,30,When Crimps Learn To Whistle,2022-12-11 09:32:50,6a+/V3,6b/V4,True,1,False,2,2,True,True,
tension,30,Fingery,2022-12-20 07:52:28,6a+/V3,6a+/V3,True,1,True,2,2,True,True,
tension,30,Fingery,2022-12-20 07:52:34,6a+/V3,6a+/V3,True,1,False,2,2,True,True,
tension,30,Crystalline,2022-12-20 07:58:31,6a/V3,6a/V3,True,1,False,2,2,True,True,
tension,30,Bubbles,2022-12-20 08:03:57,6a/V3,6a/V3,True,2,True,2,3,True,True,
tension,30,It's Alive!,2022-12-20 08:10:27,5c/V2,5c/V2,True,2,True,2,3,True,True,
tension,30,It's Alive!,2022-12-20 08:19:05,5c/V2,5c/V2,True,1,False,2,2,True,True,
tension,30,When Crimps Learn To Whistle,2023-01-26 07:33:50,6a+/V3,6b/V4,True,1,False,3,3,True,True,
tension,30,When Crimps Learn To Whistle,2023-08-04 07:43:01,6a+/V3,6b/V4,True,1,True,2,2,True,True,
tension,30,Legion,2023-08-04 07:53:45,6c/V5,6c/V5,True,1,True,4,6,True,True,
tension,30,Big Pinch Laps,2023-08-04 07:58:18,6a/V3,6a/V3,True,1,True,2,3,True,True,
tension,30,lock off plus plus,2023-10-14 09:43:31,5a/V1,5a/V1,False,1,False,1,1,False,True,
tension,40,Bye Bye Henry,2023-11-15 06:56:16,5c/V2,5c/V2,True,1,False,1,1,False,True,
tension,30,Pearl,2023-11-15 07:46:10,4a/V0,4a/V0,False,1,True,1,1,False,True,
tension,25,Shane Co.,2023-12-27 15:09:06,4b/V0,4b/V0,False,1,True,1,1,False,True,
tension,25,Shane Co.,2023-12-27 15:09:10,4b/V0,4b/V0,False,1,False,1,1,False,True,
tension,30,Gabes flappy pants,2024-01-24 00:00:00,nan,5a/V1,True,4,False,1,4,False,False,nan
tension,30,Bye Bye Henry,2024-01-24 00:00:00,nan,5c/V2,True,4,False,3,6,True,False,nan
tension,30,Go Figure,2024-01-29 07:43:50,4a/V0,4a/V0,False,5,True,1,5,False,True,
tension,30,Go Figure,2024-01-29 07:43:55,4a/V0,4a/V0,False,1,False,1,1,False,True,
tension,30,Ivory's finest,2024-01-29 07:53:00,5c/V2,5c/V2,False,1,True,1,1,False,True,
tension,30,Ivory's finest,2024-01-29 07:53:03,5c/V2,5c/V2,False,1,False,1,1,False,True,
tension,40,apple bottom jeans,2024-08-02 07:13:07,6c/V5,6c/V5,True,1,False,1,1,False,True,
tension,40,Rip the jug,2024-08-02 07:23:16,7a/V6,7a/V6,True,1,False,1,1,False,True,
tension,40,Protector of the Skinny Dog,2024-08-02 07:37:46,7a/V6,7a/V6,True,1,False,2,5,True,True,
tension,40,Shimmy,2024-08-02 07:57:32,6c/V5,6c/V5,True,1,True,1,1,False,True,
tension,20,The Ancestor,2024-09-26 07:36:56,6a+/V3,6a+/V3,False,1,False,1,1,False,True,
tension,20,The Ancestor,2024-09-26 07:39:20,6a+/V3,6a+/V3,False,1,True,1,1,False,True,
tension,20,CRIMP TRAINER,2024-09-26 07:44:54,7a/V6,7a/V6,True,1,False,1,1,False,True,
tension,30,CRIMP TRAINER,2024-09-26 07:57:15,7a/V6,7a+/V7,False,1,True,1,1,False,True,Crimp training 
tension,30,CRIMP TRAINER,2024-09-26 08:06:26,7a/V6,7a+/V7,False,1,False,1,1,False,True,
tension,40,crimpson tide,2024-10-26 11:06:19,7a+/V7,7a+/V7,False,1,False,1,1,False,True,
tension,40,Fingery,2024-10-29 08:00:26,6b/V4,6b/V4,True,1,False,1,1,False,True,
tension,40,Fingery,2024-10-29 08:07:48,6b/V4,6b/V4,True,1,True,1,1,False,True,
tension,20,Fingery,2024-11-06 07:14:15,5c/V2,5c/V2,True,1,False,1,1,False,True,
tension,20,Fingery,2024-11-06 07:15:48,5c/V2,5c/V2,True,1,True,1,1,False,True,
tension,20,crimpson tide,2024-11-06 07:21:36,6c+/V5,6c+/V5,True,1,False,1,1,False,True,
tension,20,crimpson tide,2024-11-06 07:26:52,6c+/V5,6c+/V5,True,1,True,1,1,False,True,
tension,20,CRIMP TRAINER,2024-11-06 07:33:08,7a/V6,7a/V6,True,1,False,2,2,True,True,
tension,20,CRIMP TRAINER,2024-11-06 07:40:00,7a/V6,7a/V6,True,1,True,1,1,False,True,
tension,30,CRIMP TRAINER,2024-11-06 07:45:12,7a+/V7,7a+/V7,False,1,True,2,2,True,True,
tension,20,crimpson tide,2024-11-13 07:28:01,6c+/V5,6c+/V5,True,1,True,2,2,True,True,
tension,20,crimpson tide,2024-11-13 07:28:05,6c+/V5,6c+/V5,True,1,False,2,2,True,True,
tension,20,crimptastic,2024-11-13 07:36:59,7a/V6,7a/V6,True,1,False,1,1,False,True,
tension,20,crimptastic,2024-11-13 07:44:35,7a/V6,7a/V6,True,1,True,1,1,False,True,
tension,20,learning to crimp,2024-11-13 07:50:48,6c+/V5,6c+/V5,True,1,True,1,1,False,True,
tension,20,learning to crimp,2024-11-13 07:52:11,6c+/V5,6c+/V5,True,1,False,1,1,False,True,
tension,20,crimpers,2024-11-30 10:48:20,5c/V2,5c/V2,True,1,True,1,1,False,True,
tension,20,Right Lean Warmup,2024-11-30 10:53:35,5b/V1,5b/V1,True,1,False,1,1,False,True,
tension,20,Right Lean Warmup,2024-11-30 10:55:00,5b/V1,5b/V1,True,1,False,1,2,True,True,
tension,20,Right Lean Warmup,2024-11-30 10:55:05,5b/V1,5b/V1,True,1,True,1,1,False,True,
tension,20,loser,2024-11-30 10:58:13,5a/V1,5a/V1,True,1,False,1,1,False,True,
tension,20,Left Lean Warmup,2024-11-30 10:59:42,5a/V1,5a/V1,True,1,False,1,1,False,True,
tension,0,CRIMP TRAINER,2024-12-19 07:29:58,5a/V1,5b/V1,False,1,False,1,1,False,True,
tension,15,crimptastic,2024-12-19 07:35:33,6a/V3,6a/V3,False,1,False,1,1,False,True,
tension,15,crimpson tide,2024-12-19 07:41:20,6a+/V3,6b/V4,False,1,False,1,1,False,True,
tension,25,CRIMP TRAINER,2024-12-19 07:57:12,7a/V6,7a/V6,True,1,False,2,6,True,True,
tension,25,CRIMP TRAINER,2024-12-19 07:59:39,7a/V6,7a/V6,True,1,True,2,5,True,True,
tension,30,Fingery,2025-01-14 07:10:28,6a+/V3,6a+/V3,True,1,False,3,3,True,True,
tension,35,Fingery,2025-01-14 07:19:39,6b+/V4,6a+/V3,True,1,False,1,1,False,True,
tension,40,Fingery,2025-01-14 07:35:04,6b/V4,6b/V4,True,1,False,2,2,True,True,
tension,40,Fingery,2025-01-14 07:45:17,6b/V4,6b/V4,True,1,True,2,2,True,True,
tension,0,CRIMP TRAINER,2025-01-16 06:49:03,5a/V1,5b/V1,False,1,True,1,1,False,True,
tension,20,CRIMP TRAINER,2025-01-16 07:01:36,7a/V6,7a/V6,True,1,True,2,2,True,True,
tension,20,CRIMP TRAINER,2025-01-16 07:08:38,7a/V6,7a/V6,True,1,False,3,3,True,True,
tension,20,CRIMP TRAINER,2025-01-16 07:08:41,7a/V6,7a/V6,True,1,True,2,3,True,True,
tension,30,LOSE IT,2025-01-16 07:35:11,6c/V5,6c/V5,True,1,True,1,1,False,True,
tension,40,LOSE IT,2025-01-16 07:54:06,7a/V6,7a/V6,True,1,True,1,1,False,True,
tension,40,LOSE IT,2025-01-16 08:03:19,7a/V6,7a/V6,True,1,False,1,1,False,True,
tension,0,CRIMP TRAINER,2025-01-27 07:06:27,5a/V1,5b/V1,False,1,False,2,2,True,True,
tension,0,CRIMP TRAINER,2025-01-27 07:08:19,5a/V1,5b/V1,False,1,True,2,2,True,True,
tension,0,CRIMP TRAINER,2025-01-27 07:18:27,5a/V1,5b/V1,False,1,True,2,3,True,True,
tension,20,CRIMP TRAINER,2025-01-27 07:24:40,7a/V6,7a/V6,True,1,False,4,4,True,True,
tension,0,crimptastic,2025-01-29 07:23:53,4a/V0,4a/V0,False,1,False,1,1,False,True,
tension,10,crimptastic,2025-01-29 07:35:18,5b/V1,6a/V3,False,1,False,1,1,False,True,
tension,20,crimptastic,2025-01-29 07:37:59,7a/V6,7a/V6,True,1,False,2,2,True,True,
tension,20,crimptastic,2025-01-29 07:46:29,7a/V6,7a/V6,True,1,True,2,2,True,True,
tension,20,learning to crimp,2025-01-29 07:54:00,6c+/V5,6c+/V5,True,1,True,2,2,True,True,
tension,0,CRIMP TRAINER,2025-02-03 07:09:32,5a/V1,5b/V1,False,1,False,3,3,True,True,
tension,10,CRIMP TRAINER,2025-02-03 07:30:15,5a/V1,5b/V1,False,1,True,1,1,False,True,
tension,40,LOSE IT,2025-02-03 08:00:59,7a/V6,7a/V6,True,1,True,2,2,True,True,
tension,40,When Crimps Learn To Whistle,2025-02-21 08:11:41,6c+/V5,6c+/V5,True,1,False,2,4,True,True,
tension,40,When Crimps Learn To Whistle,2025-02-21 08:18:17,6c+/V5,6c+/V5,True,1,True,1,1,False,True,
tension,40,"~Keep on, keeping on~",2025-02-21 08:22:46,6b/V4,6b/V4,True,1,True,1,1,False,True,
tension,10,CRIMP TRAINER,2025-02-25 07:40:49,5a/V1,5b/V1,False,1,True,2,2,True,True,
tension,20,learning to crimp,2025-02-25 07:47:54,6c+/V5,6c+/V5,True,1,True,3,3,True,True,
tension,20,learning to crimp,2025-02-25 07:55:49,6c+/V5,6c+/V5,True,1,False,2,2,True,True,
tension,40,year of the shoulder 1,2025-02-25 20:27:03,6c/V5,6c/V5,True,1,False,1,1,False,True,
tension,40,year of the shoulder 1,2025-02-25 20:27:09,6c/V5,6c/V5,True,1,True,1,1,False,True,
tension,0,CRIMP TRAINER,2025-02-27 07:40:10,5a/V1,5b/V1,False,1,True,3,4,True,True,
tension,10,CRIMP TRAINER,2025-02-27 07:40:14,5a/V1,5b/V1,False,1,True,3,3,True,True,
tension,40,"~Keep on, keeping on~",2025-02-27 07:53:46,6b/V4,6b/V4,True,1,False,1,1,False,True,
tension,40,My First Rodeo,2025-02-27 07:59:21,7a/V6,7a/V6,True,1,True,1,1,False,True,
tension,40,undercling crux,2025-02-27 08:09:40,7a/V6,7a/V6,True,1,False,1,1,False,True,Feels easy for this side need to debug it 
tension,40,undercling crux,2025-02-27 08:11:34,7a/V6,7a/V6,True,4,True,1,4,False,True,
tension,10,CRIMP TRAINER,2025-03-04 07:24:03,5a/V1,5b/V1,False,1,False,1,1,False,True,
tension,20,CRIMP TRAINER,2025-03-04 07:30:52,7a/V6,7a/V6,True,1,True,3,4,True,True,
tension,40,Excelsior,2025-03-04 07:37:38,6b/V4,6b/V4,True,1,True,1,1,False,True,
tension,45,My First Rodeo,2025-03-04 07:51:34,7a/V6,7a/V6,True,1,True,1,1,False,True,
tension,45,Finger Circuit 1,2025-03-04 07:51:54,6c/V5,6c/V5,True,1,True,1,1,False,True,
tension,40,Captain Progression,2025-03-06 07:50:33,6a+/V3,6a+/V3,True,1,False,1,1,False,True,
tension,40,Captain Progression,2025-03-06 07:52:00,6a+/V3,6a+/V3,True,1,True,1,1,False,True,
tension,40,Whoooo!,2025-03-06 08:05:11,6b/V4,6b/V4,True,1,False,1,1,False,True,
tension,40,Whoooo!,2025-03-06 08:05:17,6b/V4,6b/V4,True,1,True,1,1,False,True,
tension,40,Excelsior,2025-03-06 08:10:52,6b/V4,6b/V4,True,1,False,1,1,False,True,
tension,40,Fingery,2025-03-06 08:17:47,6b/V4,6b/V4,True,1,False,3,3,True,True,
tension,40,Fingery,2025-03-06 08:21:27,6b/V4,6b/V4,True,1,True,3,3,True,True,
tension,10,CRIMP TRAINER,2025-03-12 07:28:12,5a/V1,5b/V1,False,1,True,4,4,True,True,
tension,10,CRIMP TRAINER,2025-03-12 07:28:15,5a/V1,5b/V1,False,1,False,2,2,True,True,
tension,40,year of the shoulder 1,2025-03-12 07:42:00,6c/V5,6c/V5,True,1,False,2,2,True,True,
tension,40,damn,2025-03-12 07:47:03,6c+/V5,6c+/V5,True,1,False,1,1,False,True,
tension,25,CRIMP TRAINER,2025-03-17 07:57:44,7a/V6,7a/V6,True,1,True,3,6,True,True,
tension,45,year of the shoulder 1,2025-03-17 08:00:13,6c+/V5,6c/V5,False,1,True,1,1,False,True,
tension,45,year of the shoulder 1,2025-03-17 08:08:16,6c+/V5,6c/V5,False,1,False,1,1,False,True,
tension,45,Finger Circuit 1,2025-03-17 08:15:53,6c/V5,6c/V5,True,1,False,1,1,False,True,
tension,25,crimptastic,2025-03-19 00:00:00,nan,6c/V5,False,1,False,1,1,False,False,nan
tension,10,CRIMP TRAINER,2025-03-19 07:35:04,5a/V1,5b/V1,False,1,True,5,5,True,True,
tension,25,CRIMP TRAINER,2025-03-19 07:43:53,7a/V6,7a/V6,True,1,False,3,7,True,True,
tension,25,crimptastic,2025-03-19 08:06:36,7a/V6,6c/V5,False,1,True,1,1,False,True,
tension,25,crimptastic,2025-03-24 00:00:00,nan,6c/V5,False,2,False,2,3,True,False,nan
tension,0,crimptastic,2025-03-24 07:24:52,4a/V0,4a/V0,False,1,True,1,1,False,True,
tension,0,CRIMP TRAINER,2025-03-24 07:27:35,5a/V1,5b/V1,False,1,False,4,4,True,True,
tension,0,CRIMP TRAINER,2025-03-26 07:26:31,5a/V1,5b/V1,False,1,False,5,5,True,True,
tension,0,CRIMP TRAINER,2025-03-26 07:34:14,5a/V1,5b/V1,False,1,True,4,5,True,True,
tension,20,crimptastic,2025-03-26 07:42:22,7a/V6,7a/V6,True,1,True,3,3,True,True,
tension,20,crimptastic,2025-03-26 07:50:37,7a/V6,7a/V6,True,1,False,3,3,True,True,
tension,45,"~Keep on, keeping on~",2025-03-26 07:59:55,6b/V4,6b/V4,True,1,True,1,1,False,True,
tension,45,"~Keep on, keeping on~",2025-03-26 08:01:06,6b/V4,6b/V4,True,1,False,1,1,False,True,
tension,45,When Crimps Learn To Whistle,2025-03-26 08:06:01,6c+/V5,6c+/V5,True,1,False,1,1,False,True,
tension,0,CRIMP TRAINER,2025-04-01 07:29:35,5a/V1,5b/V1,False,1,True,5,6,True,True,
tension,10,CRIMP TRAINER,2025-04-01 07:32:10,5a/V1,5b/V1,False,1,False,3,3,True,True,
tension,10,CRIMP TRAINER,2025-04-01 07:37:23,5a/V1,5b/V1,False,1,False,3,4,True,True,
tension,25,CRIMP TRAINER,2025-04-01 07:40:34,7a/V6,7a/V6,True,1,True,4,7,True,True,
tension,25,CRIMP TRAINER,2025-04-01 07:45:53,7a/V6,7a/V6,True,1,True,4,8,True,True,
tension,45,When Crimps Learn To Whistle,2025-04-01 07:57:34,6c+/V5,6c+/V5,True,2,True,1,2,False,True,
tension,0,CRIMP TRAINER,2025-04-03 07:23:01,5a/V1,5b/V1,False,1,False,6,6,True,True,
tension,0,CRIMP TRAINER,2025-04-03 07:25:28,5a/V1,5b/V1,False,1,True,6,7,True,True,
tension,20,crimptastic,2025-04-03 07:36:45,7a/V6,7a/V6,True,1,True,4,4,True,True,
tension,20,crimptastic,2025-04-03 07:42:53,7a/V6,7a/V6,True,1,False,4,4,True,True,
tension,40,Zarnko Plax,2025-04-03 07:50:22,7a/V6,7a/V6,True,1,False,1,1,False,True,
tension,40,damn,2025-04-03 07:52:53,6c+/V5,6c+/V5,True,1,True,1,1,False,True,
tension,40,Lappin’,2025-04-03 08:01:14,6c/V5,6c/V5,True,1,True,1,1,False,True,
tension,20,diabolical scheme,2025-04-07 07:44:15,6c/V5,6c/V5,False,1,True,1,1,False,True,
tension,20,diabolical scheme,2025-04-07 07:52:25,6c/V5,6c/V5,False,1,False,1,1,False,True,
tension,30,I Saw Your Mother’s Funky Side,2025-04-07 08:04:16,6c+/V5,6c+/V5,False,1,False,1,1,False,True,
tension,30,I Saw Your Mother’s Funky Side,2025-04-07 08:07:50,6c+/V5,6c+/V5,False,1,True,1,1,False,True,
tension,25,crimptastic,2025-04-09 00:00:00,nan,6c/V5,False,3,False,3,6,True,False,nan
tension,0,CRIMP TRAINER,2025-04-09 07:26:31,5a/V1,5b/V1,False,1,True,7,8,True,True,
tension,10,CRIMP TRAINER,2025-04-09 07:29:01,5a/V1,5b/V1,False,1,False,4,5,True,True,
tension,25,crimpson tide,2025-04-09 07:39:22,6c+/V5,6c+/V5,True,1,False,1,1,False,True,
tension,25,crimpson tide,2025-04-09 07:46:02,6c+/V5,6c+/V5,True,1,True,1,1,False,True,
tension,20,diabolical scheme,2025-04-17 00:00:00,nan,6c/V5,False,1,True,2,2,True,False,nan
tension,0,CRIMP TRAINER,2025-04-17 07:22:30,5a/V1,5b/V1,False,1,False,7,7,True,True,
tension,20,learning to crimp,2025-04-17 07:38:27,6c+/V5,6c+/V5,True,2,False,3,4,True,True,
tension,20,learning to crimp,2025-04-17 07:46:28,6c+/V5,6c+/V5,True,1,True,4,4,True,True,
tension,20,learning to crimp,2025-04-17 07:50:29,6c+/V5,6c+/V5,True,1,True,4,5,True,True,
tension,0,CRIMP TRAINER,2025-04-22 07:18:01,5a/V1,5b/V1,False,1,True,8,9,True,True,
tension,10,CRIMP TRAINER,2025-04-22 07:20:13,5a/V1,5b/V1,False,1,False,5,6,True,True,
tension,20,crimptastic,2025-04-22 07:26:12,7a/V6,7a/V6,True,1,False,5,5,True,True,
tension,0,CRIMP TRAINER,2025-04-26 09:27:30,5a/V1,5b/V1,False,1,False,8,8,True,True,
tension,0,learning to crimp,2025-04-26 09:33:01,4a/V0,4a/V0,False,1,False,1,1,False,True,
tension,30,Egg Whites,2025-04-26 09:37:42,6b/V4,6b/V4,True,1,False,1,1,False,True,
tension,10,CRIMP TRAINER,2025-05-01 07:30:25,5a/V1,5b/V1,False,1,False,6,7,True,True,
tension,10,CRIMP TRAINER,2025-05-01 07:36:54,5a/V1,5b/V1,False,1,True,6,6,True,True,
tension,20,CRIMP TRAINER,2025-05-01 07:44:55,7a/V6,7a/V6,True,1,False,5,5,True,True,
tension,20,CRIMP TRAINER,2025-05-01 07:44:59,7a/V6,7a/V6,True,1,True,4,5,True,True,
tension,20,crimptastic,2025-05-06 07:24:33,7a/V6,7a/V6,True,1,False,6,6,True,True,
tension,30,When Crimps Learn To Whistle,2025-05-06 07:31:45,6b/V4,6b/V4,True,1,True,3,3,True,True,
tension,40,When Crimps Learn To Whistle,2025-05-06 07:37:07,6c+/V5,6c+/V5,True,1,False,3,5,True,True,
tension,45,New Gold,2025-06-04 07:41:45,6c/V5,6c/V5,True,1,False,1,1,False,True,
tension,45,Corn Flakes,2025-06-04 07:48:41,6c/V5,6c/V5,True,1,False,1,1,False,True,
tension,45,Chop Suey,2025-06-04 08:08:21,7a/V6,7a/V6,True,4,False,1,4,False,True,
tension,15,CRIMP TRAINER,2025-06-11 07:33:39,5c/V2,6a+/V3,False,1,True,1,1,False,True,
tension,45,Arbiter,2025-06-15 00:00:00,nan,7b/V8,True,3,False,1,3,False,False,nan
tension,45,The Where,2025-06-15 10:26:08,6c+/V5,6c+/V5,True,1,False,1,1,False,True,
tension,45,Bring The Ruckus,2025-06-15 10:34:53,7a+/V7,7a+/V7,True,1,False,1,1,False,True,
tension,45,torpedoed,2025-06-15 10:42:58,7a+/V7,7a+/V7,True,1,False,1,1,False,True,
tension,10,brunopolis,2025-06-17 00:00:00,nan,nan,False,1,False,1,1,False,False,nan
tension,10,Dunkelheit,2025-06-17 06:54:34,4c/V0,5c/V2,False,1,False,1,1,False,True,
tension,15,KAT1,2025-06-17 07:06:41,6a/V3,6a+/V3,False,1,False,1,1,False,True,
tension,15,sashas crimpy bullcrud,2025-06-17 07:13:56,6b+/V4,6c/V5,False,1,False,1,1,False,True,
tension,20,daddy dropoff,2025-06-17 07:20:05,6a/V3,6a/V3,False,1,False,1,1,False,True,
tension,20,Dunkelheit,2025-06-17 07:38:47,6b+/V4,6b/V4,False,3,False,1,3,False,True,
tension,30,strong potion,2025-06-17 07:51:09,6c/V5,6c/V5,False,1,False,1,1,False,True,
tension,40,Doubloon,2025-06-17 08:04:15,6c+/V5,6c+/V5,True,2,False,1,2,False,True,
tension,0,CRIMP TRAINER,2025-06-24 07:26:02,5a/V1,5b/V1,False,1,True,9,10,True,True,
tension,0,CRIMP TRAINER,2025-06-24 07:26:05,5a/V1,5b/V1,False,1,False,9,9,True,True,
tension,10,CRIMP TRAINER,2025-06-24 07:26:12,5a/V1,5b/V1,False,1,False,7,8,True,True,
tension,20,CRIMP TRAINER,2025-06-24 07:36:31,7a/V6,7a/V6,True,1,False,6,6,True,True,
tension,30,CRIMP TRAINER,2025-06-24 07:45:41,7a+/V7,7a+/V7,False,1,True,3,3,True,True,
tension,0,CRIMP TRAINER,2025-06-26 07:32:37,5a/V1,5b/V1,False,1,False,10,10,True,True,
tension,10,CRIMP TRAINER,2025-06-26 07:44:58,5a/V1,5b/V1,False,1,True,7,7,True,True,
tension,20,CRIMP TRAINER,2025-06-26 07:46:53,7a/V6,7a/V6,True,1,False,7,7,True,True,
tension,0,CRIMP TRAINER,2025-07-08 07:26:41,5a/V1,5b/V1,False,1,False,11,11,True,True,
tension,10,CRIMP TRAINER,2025-07-08 07:37:44,5a/V1,5b/V1,False,1,True,8,8,True,True,
tension,10,CRIMP TRAINER,2025-07-08 07:40:45,5a/V1,5b/V1,False,1,False,8,9,True,True,
tension,20,CRIMP TRAINER,2025-07-08 07:47:34,7a/V6,7a/V6,True,1,False,8,8,True,True,
tension,30,CRIMP TRAINER,2025-07-08 07:56:32,7a+/V7,7a+/V7,False,1,True,4,4,True,True,
tension,30,CRIMP TRAINER,2025-07-08 07:56:35,7a+/V7,7a+/V7,False,1,True,4,5,True,True,
tension,45,Roseé,2025-07-12 00:00:00,nan,7b/V8,True,2,False,1,2,False,False,nan
tension,45,Used,2025-07-12 00:00:00,nan,7c/V9,True,4,False,1,4,False,False,nan
tension,20,Dumbo Wumbo,2025-07-12 08:38:58,6a/V3,6a/V3,True,1,False,1,1,False,True,
tension,20,BW4,2025-07-12 08:39:11,6b/V4,6b/V4,True,1,False,1,1,False,True,
tension,30,Dystopian Butter,2025-07-12 08:45:40,6c+/V5,6c+/V5,True,1,False,1,1,False,True,
tension,30,Used,2025-07-12 08:52:25,6c/V5,6c/V5,True,1,False,1,1,False,True,
tension,35,Used,2025-07-12 09:14:14,7a/V6,7a/V6,False,1,False,1,1,False,True,
tension,40,Used,2025-07-12 09:18:20,7a+/V7,7a+/V7,True,1,False,1,1,False,True,
tension,30,CRIMP TRAINER,2025-07-15 00:00:00,nan,7a+/V7,False,1,True,5,6,True,False,nan
tension,0,CRIMP TRAINER,2025-07-15 07:22:52,5a/V1,5b/V1,False,1,False,12,12,True,True,
tension,10,CRIMP TRAINER,2025-07-15 07:26:00,5a/V1,5b/V1,False,1,True,9,9,True,True,
tension,20,CRIMP TRAINER,2025-07-15 07:32:45,7a/V6,7a/V6,True,1,False,9,9,True,True,
tension,20,CRIMP TRAINER,2025-07-15 07:38:21,7a/V6,7a/V6,True,1,True,5,6,True,True,
tension,30,CRIMP TRAINER,2025-07-15 07:45:12,7a+/V7,7a+/V7,False,1,False,2,2,True,True,
tension,0,Big Pinch Pinchin',2025-07-17 07:07:29,4b/V0,6b+/V4,False,1,False,1,1,False,True,
tension,10,Big Pinch Pinchin',2025-07-17 07:16:55,4c/V0,5a/V1,False,1,True,1,1,False,True,
tension,10,Big Pinch Laps,2025-07-17 07:19:36,5c/V2,6a/V3,False,1,True,1,1,False,True,
tension,30,Big Pinch Laps,2025-07-17 07:23:54,6a/V3,6a/V3,True,1,False,3,4,True,True,
tension,30,Big Pinch Pinchin',2025-07-17 07:29:06,6b+/V4,6b+/V4,True,1,False,3,5,True,True,
tension,40,Big Pinch Pinchin',2025-07-17 07:35:37,6c/V5,6c/V5,True,1,True,1,1,False,True,
tension,0,CRIMP TRAINER,2025-07-22 07:05:11,5a/V1,5b/V1,False,1,False,13,13,True,True,
tension,10,CRIMP TRAINER,2025-07-22 07:14:43,5a/V1,5b/V1,False,1,True,10,10,True,True,
tension,20,CRIMP TRAINER,2025-07-22 07:24:50,7a/V6,7a/V6,True,1,False,10,10,True,True,
tension,20,CRIMP TRAINER,2025-07-22 07:36:57,7a/V6,7a/V6,True,1,True,6,7,True,True,
tension,30,CRIMP TRAINER,2025-07-22 07:42:03,7a+/V7,7a+/V7,False,1,True,6,7,True,True,
tension,20,Bubbles,2025-07-24 07:14:45,5c/V2,5c/V2,True,1,False,2,2,True,True,
tension,30,Big Pinch Pinchin',2025-07-24 07:23:41,6b+/V4,6b+/V4,True,1,True,3,3,True,True,
tension,40,Big Pinch Pinchin',2025-07-24 07:35:49,6c/V5,6c/V5,True,1,False,2,2,True,True,
tension,40,Big Pinch Pinchin',2025-07-24 07:44:50,6c/V5,6c/V5,True,1,True,2,2,True,True,
tension,10,CRIMP TRAINER,2025-07-29 07:14:43,5a/V1,5b/V1,False,1,True,11,11,True,True,
tension,10,CRIMP TRAINER,2025-07-29 07:14:47,5a/V1,5b/V1,False,1,False,9,10,True,True,
tension,20,CRIMP TRAINER,2025-07-29 07:21:57,7a/V6,7a/V6,True,1,True,7,8,True,True,
tension,30,CRIMP TRAINER,2025-07-29 07:37:21,7a+/V7,7a+/V7,False,1,False,3,3,True,True,
tension,10,Big Pinch Laps,2025-07-31 07:07:05,5c/V2,6a/V3,False,1,False,1,1,False,True,
tension,10,Big Pinch Laps,2025-07-31 07:09:15,5c/V2,6a/V3,False,1,True,2,2,True,True,
tension,20,Big Pinch Laps,2025-07-31 07:14:35,6a/V3,6a/V3,False,1,False,1,1,False,True,
tension,20,Big Pinch Laps,2025-07-31 07:21:25,6a/V3,6a/V3,False,1,True,1,1,False,True,
tension,30,Big Pinch Laps,2025-07-31 07:21:30,6a/V3,6a/V3,True,1,True,3,4,True,True,
tension,30,Big Pinch Laps,2025-07-31 07:28:02,6a/V3,6a/V3,True,1,False,4,5,True,True,
tension,45,Big Pinch Laps,2025-07-31 07:33:27,6c+/V5,6c+/V5,True,1,False,1,1,False,True,
tension,45,Big Pinch Laps,2025-07-31 07:40:02,6c+/V5,6c+/V5,True,1,True,1,1,False,True,
tension,45,Big Pinch Pinchin',2025-07-31 07:45:23,6c/V5,6c/V5,True,1,False,1,1,False,True,
tension,0,CRIMP TRAINER,2025-08-13 07:07:19,5a/V1,5b/V1,False,1,False,14,14,True,True,
tension,10,CRIMP TRAINER,2025-08-13 07:09:19,5a/V1,5b/V1,False,1,True,12,12,True,True,
tension,20,CRIMP TRAINER,2025-08-13 07:15:06,7a/V6,7a/V6,True,1,True,8,9,True,True,
tension,10,CRIMP TRAINER,2025-08-18 16:09:56,5a/V1,5b/V1,False,1,False,10,11,True,True,
tension,20,CRIMP TRAINER,2025-08-18 16:16:18,7a/V6,7a/V6,True,1,True,9,10,True,True,
tension,40,Big Pinch Pinchin',2025-08-20 07:39:37,6c/V5,6c/V5,True,1,True,3,3,True,True,
tension,40,Big Pinch Laps,2025-09-02 07:38:48,6b/V4,6b/V4,True,1,False,1,1,False,True,
tension,40,Big Pinch Laps,2025-09-02 07:43:46,6b/V4,6b/V4,True,1,True,1,1,False,True,
tension,40,Big Pinch Pinchin',2025-09-02 07:45:53,6c/V5,6c/V5,True,1,False,3,3,True,True,
tension,40,Big Pinch Pinchin',2025-09-02 07:51:06,6c/V5,6c/V5,True,1,True,4,4,True,True,
tension,10,CRIMP TRAINER,2025-09-09 07:27:01,5a/V1,5b/V1,False,1,False,11,12,True,True,
tension,20,CRIMP TRAINER,2025-09-09 07:35:11,7a/V6,7a/V6,True,1,True,10,11,True,True,
tension,20,CRIMP TRAINER,2025-09-09 07:39:41,7a/V6,7a/V6,True,1,False,11,11,True,True,
tension,30,Big Pinch Laps,2025-09-11 07:34:53,6a/V3,6a/V3,True,1,True,4,5,True,True,
tension,30,Big Pinch Laps,2025-09-11 07:34:59,6a/V3,6a/V3,True,1,False,5,6,True,True,
tension,40,Big Pinch Laps,2025-09-11 07:36:46,6b/V4,6b/V4,True,1,True,2,2,True,True,
tension,10,CRIMP TRAINER,2025-10-01 07:15:35,5a/V1,5b/V1,False,1,False,12,13,True,True,
tension,10,CRIMP TRAINER,2025-10-01 07:27:07,5a/V1,5b/V1,False,1,True,13,13,True,True,
tension,20,CRIMP TRAINER,2025-10-01 07:27:11,7a/V6,7a/V6,True,1,True,11,12,True,True,
tension,20,CRIMP TRAINER,2025-10-01 07:30:29,7a/V6,7a/V6,True,1,False,12,12,True,True,
tension,20,CRIMP TRAINER,2025-10-01 07:35:19,7a/V6,7a/V6,True,1,False,12,13,True,True,
tension,30,CRIMP TRAINER,2025-10-01 07:38:30,7a+/V7,7a+/V7,False,1,False,4,4,True,True,
tension,10,learning to crimp,2025-10-07 07:27:23,6a+/V3,6a+/V3,False,1,False,1,1,False,True,
tension,10,learning to crimp,2025-10-07 07:38:12,6a+/V3,6a+/V3,False,1,True,1,1,False,True,
tension,20,learning to crimp,2025-10-07 07:40:50,6c+/V5,6c+/V5,True,1,True,5,6,True,True,
tension,20,learning to crimp,2025-10-07 08:06:13,6c+/V5,6c+/V5,True,1,False,4,5,True,True,
tension,30,learning to crimp,2025-10-07 08:08:33,7a+/V7,7a+/V7,False,1,True,1,1,False,True,
tension,30,learning to crimp,2025-10-09 00:00:00,nan,7a+/V7,False,1,False,1,1,False,False,nan
tension,0,learning to crimp,2025-10-09 07:05:38,4a/V0,4a/V0,False,1,False,2,2,True,True,
tension,0,learning to crimp,2025-10-09 07:05:41,4a/V0,4a/V0,False,1,True,1,1,False,True,
tension,10,learning to crimp,2025-10-09 07:11:25,6a+/V3,6a+/V3,False,1,True,2,2,True,True,
tension,20,learning to crimp,2025-10-09 07:21:08,6c+/V5,6c+/V5,True,1,True,6,7,True,True,
tension,20,learning to crimp,2025-10-09 07:24:25,6c+/V5,6c+/V5,True,1,False,5,6,True,True,
tension,0,CRIMP TRAINER,2025-10-14 07:00:32,5a/V1,5b/V1,False,1,False,15,15,True,True,
tension,0,crimptastic,2025-10-14 07:02:43,4a/V0,4a/V0,False,1,False,2,2,True,True,
tension,10,crimptastic,2025-10-14 07:13:20,5b/V1,6a/V3,False,1,True,1,1,False,True,
tension,10,crimptastic,2025-10-14 07:15:06,5b/V1,6a/V3,False,1,False,2,2,True,True,
tension,20,crimptastic,2025-10-14 07:23:32,7a/V6,7a/V6,True,1,False,7,7,True,True,
tension,20,crimptastic,2025-10-14 07:31:04,7a/V6,7a/V6,True,1,True,5,5,True,True,
tension,0,crimptastic,2025-10-16 07:09:44,4a/V0,4a/V0,False,1,True,2,2,True,True,
tension,0,crimptastic,2025-10-16 07:16:57,4a/V0,4a/V0,False,1,False,3,3,True,True,
tension,10,crimptastic,2025-10-16 07:19:31,5b/V1,6a/V3,False,1,False,3,3,True,True,
tension,10,crimptastic,2025-10-16 07:26:42,5b/V1,6a/V3,False,1,True,2,2,True,True,
tension,10,crimptastic,2025-10-16 07:26:45,5b/V1,6a/V3,False,1,False,3,4,True,True,
tension,25,crimptastic,2025-10-16 07:29:36,7a/V6,6c/V5,False,1,False,4,7,True,True,
tension,0,CRIMP TRAINER,2025-10-21 07:10:48,5a/V1,5b/V1,False,1,False,16,16,True,True,
tension,10,CRIMP TRAINER,2025-10-21 07:19:13,5a/V1,5b/V1,False,1,True,14,14,True,True,
tension,10,CRIMP TRAINER,2025-10-21 07:22:03,5a/V1,5b/V1,False,1,False,13,14,True,True,
tension,20,CRIMP TRAINER,2025-10-21 07:27:56,7a/V6,7a/V6,True,1,False,13,14,True,True,
tension,20,CRIMP TRAINER,2025-10-21 07:40:33,7a/V6,7a/V6,True,1,True,12,13,True,True,
tension,30,CRIMP TRAINER,2025-10-21 07:44:12,7a+/V7,7a+/V7,False,1,False,5,5,True,True,
tension,30,CRIMP TRAINER,2025-10-21 07:47:04,7a+/V7,7a+/V7,False,1,False,5,6,True,True,
tension,30,CRIMP TRAINER,2025-10-21 07:55:16,7a+/V7,7a+/V7,False,1,False,5,7,True,True,
tension,10,CRIMP TRAINER,2025-10-28 07:04:10,5a/V1,5b/V1,False,1,False,14,15,True,True,
tension,10,CRIMP TRAINER,2025-10-28 07:06:10,5a/V1,5b/V1,False,1,True,15,15,True,True,
tension,20,CRIMP TRAINER,2025-10-28 07:18:10,7a/V6,7a/V6,True,1,True,13,14,True,True,
tension,30,CRIMP TRAINER,2025-10-28 07:31:37,7a+/V7,7a+/V7,False,1,False,6,8,True,True,
tension,10,learning to crimp,2025-11-04 07:08:32,6a+/V3,6a+/V3,False,1,False,2,2,True,True,
tension,10,learning to crimp,2025-11-04 07:10:24,6a+/V3,6a+/V3,False,1,True,3,3,True,True,
tension,20,learning to crimp,2025-11-04 07:18:59,6c+/V5,6c+/V5,True,1,True,7,8,True,True,
tension,20,learning to crimp,2025-11-04 07:25:16,6c+/V5,6c+/V5,True,1,False,6,7,True,True,
tension,30,learning to crimp,2025-11-04 07:33:54,7a+/V7,7a+/V7,False,1,False,2,2,True,True,
tension,10,CRIMP TRAINER,2025-11-18 07:26:08,5a/V1,5b/V1,False,1,False,15,16,True,True,
tension,10,CRIMP TRAINER,2025-11-18 07:27:58,5a/V1,5b/V1,False,1,True,16,16,True,True,
tension,10,learning to crimp,2025-11-18 07:31:43,6a+/V3,6a+/V3,False,1,True,4,4,True,True,
tension,10,learning to crimp,2025-11-18 07:34:19,6a+/V3,6a+/V3,False,1,False,3,3,True,True,
tension,35,learning to crimp,2025-11-18 07:45:14,7b/V8,7b/V8,False,1,False,1,1,False,True,
tension,0,CRIMP TRAINER,2025-12-08 07:02:32,5a/V1,5b/V1,False,1,True,10,11,True,True,
tension,0,CRIMP TRAINER,2025-12-08 07:02:35,5a/V1,5b/V1,False,1,False,17,17,True,True,
tension,10,CRIMP TRAINER,2025-12-08 07:02:40,5a/V1,5b/V1,False,1,True,17,17,True,True,
tension,20,CRIMP TRAINER,2025-12-08 07:16:29,7a/V6,7a/V6,True,1,False,14,15,True,True,
tension,30,CRIMP TRAINER,2025-12-08 07:18:10,7a+/V7,7a+/V7,False,1,True,7,8,True,True,
tension,0,crimptastic,2025-12-11 07:05:53,4a/V0,4a/V0,False,1,True,3,3,True,True,
tension,10,crimptastic,2025-12-11 07:08:04,5b/V1,6a/V3,False,1,False,4,5,True,True,
tension,20,crimptastic,2025-12-11 07:16:58,7a/V6,7a/V6,True,1,False,8,8,True,True,
tension,20,crimptastic,2025-12-11 07:26:29,7a/V6,7a/V6,True,1,True,6,6,True,True,
tension,20,AMEN,2025-12-11 07:30:46,6b+/V4,6a+/V3,False,1,False,1,1,False,True,
tension,20,AMEN,2025-12-11 07:32:36,6b+/V4,6a+/V3,False,1,True,1,1,False,True,
tension,30,AMEN,2025-12-11 07:49:38,7a/V6,6c+/V5,False,1,False,1,1,False,True,
tension,30,AMEN,2025-12-11 07:55:56,7a/V6,6c+/V5,False,1,True,1,1,False,True,
tension,20,Big Pinch Pinchin',2025-12-18 07:22:03,5c/V2,5c/V2,True,1,False,1,1,False,True,
tension,20,Big Pinch Pinchin',2025-12-18 07:23:56,5c/V2,5c/V2,True,1,True,1,1,False,True,
tension,20,Big Pinch Laps,2025-12-18 07:30:49,6a/V3,6a/V3,False,1,True,2,2,True,True,
tension,20,Big Pinch Laps,2025-12-18 07:32:30,6a/V3,6a/V3,False,1,False,2,2,True,True,
tension,30,Big Pinch Laps,2025-12-18 07:40:25,6a/V3,6a/V3,True,1,False,6,7,True,True,
tension,30,Big Pinch Laps,2025-12-18 07:42:57,6a/V3,6a/V3,True,1,True,5,6,True,True,
tension,30,Big Pinch Pinchin',2025-12-18 07:51:57,6b+/V4,6b+/V4,True,1,False,4,6,True,True,
tension,40,Pinchy V3,2025-12-21 10:32:46,6a/V3,6a/V3,True,1,False,1,1,False,True,
tension,40,Pinchy V3,2025-12-21 10:33:49,6a/V3,6a/V3,True,1,True,1,1,False,True,
tension,40,SIX TIMES SIX,2025-12-21 10:59:00,7a/V6,7a/V6,True,1,False,1,1,False,True,
tension,40,SIX TIMES SIX,2025-12-21 10:59:27,7a/V6,7a/V6,True,1,True,1,1,False,True,
tension,40,pinch me lefty,2025-12-21 11:19:06,6c/V5,6c/V5,True,1,True,1,1,False,True,
tension,40,pinch me lefty,2025-12-21 11:26:02,6c/V5,6c/V5,True,1,False,1,1,False,True,
tension,40,A View to a Spill,2025-12-24 10:24:51,5b/V1,6a+/V3,False,1,False,1,1,False,True,
tension,40,Set a Course,2025-12-24 10:30:44,6b/V4,6b/V4,True,1,False,1,1,False,True,
tension,40,Pizzazz Pizzaz Pizza,2025-12-24 10:32:51,6a+/V3,6a+/V3,True,1,False,1,1,False,True,
tension,30,Slow Horses,2025-12-26 08:39:09,4b/V0,4b/V0,False,1,False,1,1,False,True,
tension,30,Perfect Pizza Party,2025-12-26 08:40:33,5c/V2,5c/V2,True,1,False,1,1,False,True,
tension,30,Morning Ritual,2025-12-26 08:50:51,6a/V3,6a/V3,True,1,False,1,1,False,True,
tension,40,Eternally Locked,2025-12-26 09:35:58,6c+/V5,6c+/V5,False,3,False,1,3,False,True,
tension,40,sick bored ver.2,2026-01-04 00:00:00,nan,7b/V8,True,1,False,1,1,False,False,nan
tension,40,Bod Light,2026-01-04 00:00:00,nan,7b/V8,True,2,False,1,2,False,False,nan
tension,30,Shoulder Rust,2026-01-04 08:57:26,5a/V1,5a/V1,True,1,False,1,1,False,True,
tension,30,Sammich's Warm Up Series: 3,2026-01-04 08:59:32,5c/V2,5c/V2,True,1,False,1,1,False,True,
tension,30,Tight Riches,2026-01-04 09:01:49,6a/V3,6a/V3,True,1,False,1,1,False,True,
tension,30,Sand Mountain Classic,2026-01-04 09:11:52,6a+/V3,6b/V4,False,1,False,1,1,False,True,
tension,40,Frictionless,2026-01-04 09:17:34,6c/V5,6c/V5,True,1,False,1,1,False,True,
tension,40,Authorized,2026-01-04 09:23:23,6c/V5,6c/V5,True,1,False,1,1,False,True,
tension,40,Center Left,2026-01-04 09:29:25,6c/V5,6c/V5,True,1,False,1,1,False,True,
tension,40,Everybody’s lookin’ for somethin’,2026-01-04 09:36:56,7a+/V7,7a+/V7,True,1,False,1,1,False,True,
tension,40,Everybody’s lookin’ for somethin’,2026-01-04 09:37:26,7a+/V7,7a+/V7,True,1,False,1,2,True,True,Flash feels at my strength 
tension,40,Photastic,2026-01-04 10:01:21,7a+/V7,7a+/V7,True,3,False,1,3,False,True,
tension,10,CRIMP TRAINER,2026-01-06 07:24:35,5a/V1,5b/V1,False,1,False,16,17,True,True,
tension,20,CRIMP TRAINER,2026-01-06 07:31:18,7a/V6,7a/V6,True,1,True,14,15,True,True,
tension,20,CRIMP TRAINER,2026-01-06 07:37:55,7a/V6,7a/V6,True,1,True,14,16,True,True,
tension,30,CRIMP TRAINER,2026-01-06 07:46:15,7a+/V7,7a+/V7,False,1,True,8,9,True,True,
tension,35,CRIMP TRAINER,2026-01-06 07:54:59,7b/V8,7b/V8,False,1,True,1,1,False,True,
tension,30,Pre-game,2026-01-22 06:54:39,4a/V0,4a/V0,True,1,False,1,1,False,True,
tension,30,Laser Camera,2026-01-22 06:56:08,5a/V1,5a/V1,True,1,False,1,1,False,True,
tension,30,Ballz,2026-01-22 06:58:18,5a/V1,5a/V1,True,1,False,1,1,False,True,
tension,30,Getting By,2026-01-22 07:02:41,6b/V4,6b/V4,True,1,False,1,1,False,True,
tension,40,trash bag better,2026-01-22 07:06:33,6a/V3,6a/V3,True,1,False,1,1,False,True,
tension,40,peruse,2026-01-22 07:09:20,4a/V0,4a/V0,True,1,False,1,1,False,True,
tension,40,Warmin up,2026-01-22 07:20:37,6b+/V4,6b+/V4,True,2,True,1,2,False,True,
tension,40,Warmin up,2026-01-22 07:26:36,6b+/V4,6b+/V4,True,1,False,1,1,False,True,
tension,40,Protector of the Skinny Dog,2026-01-22 07:32:40,7a/V6,7a/V6,True,1,True,1,1,False,True,
tension,40,Swine’s Darkness,2026-02-15 00:00:00,nan,7a+/V7,True,2,False,1,2,False,False,nan
tension,40,matrix,2026-02-15 00:00:00,nan,7b/V8,True,1,False,1,1,False,False,nan
tension,40,sick bored ver.2,2026-02-15 00:00:00,nan,7b/V8,True,4,False,2,5,True,False,nan
tension,25,easy Boulder,2026-02-15 08:41:36,4a/V0,4a/V0,False,1,False,1,1,False,True,
tension,25,Starter Home,2026-02-15 08:43:15,4c/V0,4b/V0,False,1,False,1,1,False,True,
tension,25,Good boi,2026-02-15 08:45:47,5a/V1,5a/V1,False,1,False,1,1,False,True,
tension,35,Terra Nova,2026-02-15 08:53:25,5c/V2,5c/V2,True,1,False,1,1,False,True,
tension,35,Marshmallow Dragon,2026-02-15 08:55:57,6a/V3,6a/V3,True,1,False,1,1,False,True,
tension,35,Tell me ‘bout Love,2026-02-15 09:05:31,6b/V4,6b/V4,True,1,False,1,1,False,True,
tension,35,New Gold,2026-02-15 09:10:03,6b+/V4,6b+/V4,True,1,False,1,1,False,True,
tension,40,Altus,2026-02-15 09:20:20,6c/V5,6c/V5,True,1,False,1,1,False,True,
tension,40,Rip the Seam,2026-02-15 09:37:01,7a/V6,7a/V6,True,2,False,1,2,False,True,
tension,0,CRIMP TRAINER,2026-04-30 07:26:16,5a/V1,5b/V1,False,1,False,18,18,True,True,
tension,0,CRIMP TRAINER,2026-04-30 07:33:58,5a/V1,5b/V1,False,1,True,11,12,True,True,
tension,0,crimptastic,2026-04-30 07:39:45,4a/V0,4a/V0,False,1,True,4,4,True,True,
tension,0,Fingery,2026-05-02 10:32:52,4a/V0,4a/V0,False,1,False,1,1,False,True,
tension,0,Fingery,2026-05-02 10:35:19,4a/V0,4a/V0,False,1,True,1,1,False,True,
tension,0,learning to crimp,2026-05-02 10:54:33,4a/V0,4a/V0,False,2,True,2,3,True,True,
tension,0,learning to crimp,2026-05-02 11:02:02,4a/V0,4a/V0,False,1,False,3,3,True,True,
tension,0,Fingery,2026-05-07 07:29:19,4a/V0,4a/V0,False,1,False,2,2,True,True,
tension,0,Fingery,2026-05-07 07:31:27,4a/V0,4a/V0,False,1,True,2,2,True,True,
tension,0,CRIMP TRAINER,2026-05-07 07:37:43,5a/V1,5b/V1,False,1,False,19,19,True,True,
tension,0,CRIMP TRAINER,2026-05-07 07:39:50,5a/V1,5b/V1,False,1,True,12,13,True,True,
tension,0,learning to crimp,2026-05-07 07:50:59,4a/V0,4a/V0,False,1,False,4,4,True,True,
tension,0,learning to crimp,2026-05-07 07:51:10,4a/V0,4a/V0,False,1,True,3,4,True,True,
tension,0,Fingery,2026-05-12 07:16:47,4a/V0,4a/V0,False,1,False,3,3,True,True,
tension,0,Fingery,2026-05-12 07:18:52,4a/V0,4a/V0,False,1,True,3,3,True,True,
tension,0,learning to crimp,2026-05-12 07:25:45,4a/V0,4a/V0,False,1,True,4,5,True,True,
tension,0,learning to crimp,2026-05-12 07:28:14,4a/V0,4a/V0,False,1,False,5,5,True,True,
tension,0,CRIMP TRAINER,2026-05-12 07:36:52,5a/V1,5b/V1,False,1,False,20,20,True,True,
tension,0,CRIMP TRAINER,2026-05-12 07:44:30,5a/V1,5b/V1,False,1,True,13,14,True,True,
tension,0,Bye Bye Henry,2026-05-21 07:14:04,5a/V1,5b/V1,False,1,False,1,1,False,True,
tension,0,Bye Bye Henry,2026-05-21 07:16:25,5a/V1,5b/V1,False,1,True,1,1,False,True,
tension,0,Big Pinch Laps,2026-05-21 07:19:12,5a/V1,5a/V1,False,1,True,1,1,False,True,
tension,0,Big Pinch Laps,2026-05-21 07:21:46,5a/V1,5a/V1,False,1,False,1,1,False,True,
tension,0,Excelsior,2026-05-21 07:31:56,5c/V2,5c/V2,False,1,False,1,1,False,True,
tension,0,Excelsior,2026-05-21 07:34:12,5c/V2,5c/V2,False,1,True,1,1,False,True,
tension,0,When Crimps Learn To Whistle,2026-05-21 07:43:40,5a/V1,6a+/V3,False,1,True,1,1,False,True,
tension,0,When Crimps Learn To Whistle,2026-05-21 07:45:23,5a/V1,6a+/V3,False,1,False,1,1,False,True,
tension,40,mice & warm,2026-05-27 07:22:43,4a/V0,4a/V0,False,1,False,1,1,False,True,
tension,40,easy peazies,2026-05-27 07:22:48,4a/V0,4a/V0,False,1,False,1,1,False,True,
tension,40,Seven Seas of Rhye,2026-05-27 07:25:41,4a/V0,4a/V0,False,1,False,1,1,False,True,
tension,40,Pearl,2026-05-27 07:29:04,4a/V0,4a/V0,False,1,False,1,1,False,True,
tension,40,peruse,2026-05-27 07:34:01,4a/V0,4a/V0,True,1,True,1,1,False,True,
tension,40,Egyptian Cat,2026-05-27 07:36:15,4a/V0,4a/V0,False,1,False,1,1,False,True,
tension,40,Egyptian Cat,2026-05-27 07:38:47,4a/V0,4a/V0,False,1,True,1,1,False,True,
tension,40,Newby Blues,2026-05-30 00:00:00,nan,5a/V1,True,1,True,1,1,False,False,nan
tension,40,give shorty a foot,2026-05-30 00:00:00,nan,5b/V1,True,1,True,1,1,False,False,nan
tension,40,Go Figure,2026-05-30 10:49:55,5a/V1,5a/V1,True,1,False,2,2,True,True,
tension,40,Riopio,2026-05-30 10:52:45,4a/V0,4a/V0,True,1,True,2,2,True,True,
tension,40,peruse,2026-05-30 10:54:35,4a/V0,4a/V0,True,1,True,2,2,True,True,
tension,40,lefty loosy,2026-05-30 10:58:43,5a/V1,5a/V1,True,1,True,2,2,True,True,
tension,40,Go Figure,2026-05-30 11:06:32,5a/V1,5a/V1,True,1,True,1,1,False,True,
tension,40,Persian cat,2026-05-30 11:11:24,5a/V1,5a/V1,True,1,True,2,2,True,True,
tension,40,Gabes flappy pants,2026-05-30 11:14:38,5a/V1,5a/V1,True,1,True,2,2,True,True,
tension,40,Newby Blues,2026-06-02 07:23:20,5a/V1,5a/V1,True,1,False,1,1,False,True,
tension,40,trainer1,2026-06-02 07:24:48,5a/V1,5a/V1,True,1,False,1,1,False,True,
tension,40,give shorty a foot,2026-06-02 07:32:33,5b/V1,5b/V1,True,1,False,1,1,False,True,
tension,40,Baby Steps,2026-06-02 07:37:47,5b/V1,5b/V1,True,1,False,1,1,False,True,
tension,40,Ivory's finest,2026-06-02 07:46:08,6a/V3,6a/V3,True,1,False,1,1,False,True,
tension,40,Blue Supreme Hat,2026-06-02 08:03:42,6a/V3,6a/V3,True,1,False,1,1,False,True,
tension,30,HiBrew,2026-06-06 00:00:00,nan,5c/V2,True,2,False,1,2,False,False,nan
tension,40,Legion,2026-06-06 00:00:00,nan,6c/V5,True,2,True,1,2,False,False,nan
tension,40,Legion,2026-06-06 00:00:00,nan,6c/V5,True,2,False,3,13,True,False,nan
tension,0,CRIMP TRAINER,2026-06-06 09:07:51,5a/V1,5b/V1,False,1,False,21,21,True,True,
tension,0,CRIMP TRAINER,2026-06-06 09:09:43,5a/V1,5b/V1,False,1,True,14,15,True,True,
tension,10,CRIMP TRAINER,2026-06-06 09:20:05,5a/V1,5b/V1,False,1,True,18,18,True,True,
tension,10,CRIMP TRAINER,2026-06-06 09:37:24,5a/V1,5b/V1,False,1,True,18,19,True,True,
tension,20,CRIMP TRAINER,2026-06-06 09:39:07,7a/V6,7a/V6,True,1,True,15,17,True,True,
tension,20,CRIMP TRAINER,2026-06-06 09:57:03,7a/V6,7a/V6,True,1,False,15,16,True,True,
tension,30,Legion,2026-06-06 10:43:05,6c/V5,6c/V5,True,1,False,5,8,True,True,
tension,30,Legion,2026-06-06 10:54:52,6c/V5,6c/V5,True,1,False,5,9,True,True,
tension,0,HiBrew,2026-06-09 07:17:53,4a/V0,4c/V0,False,1,False,1,1,False,True,
tension,10,Legion,2026-06-09 07:21:27,6a/V3,6a/V3,False,1,False,1,1,False,True,
tension,10,Legion,2026-06-09 07:28:42,6a/V3,6a/V3,False,1,True,1,1,False,True,
tension,20,Legion,2026-06-09 07:37:41,6a/V3,6a/V3,True,1,True,1,1,False,True,
tension,20,Legion,2026-06-09 07:45:13,6a/V3,6a/V3,True,1,False,1,1,False,True,
tension,30,Legion,2026-06-09 07:52:59,6c/V5,6c/V5,True,1,True,5,7,True,True,
tension,30,Legion,2026-06-09 08:00:08,6c/V5,6c/V5,True,1,False,6,10,True,True,
tension,40,pinch me lefty,2026-06-11 00:00:00,nan,6c/V5,True,1,True,2,2,True,False,nan
tension,40,SIX TIMES SIX,2026-06-11 00:00:00,nan,7a/V6,True,1,False,2,2,True,False,nan
tension,40,SIX TIMES SIX,2026-06-11 00:00:00,nan,7a/V6,True,1,True,2,2,True,False,nan
tension,10,Fingery,2026-06-11 07:13:14,4a/V0,5a/V1,False,1,False,1,1,False,True,
tension,10,Fingery,2026-06-11 07:14:52,4a/V0,5a/V1,False,1,True,1,1,False,True,
tension,20,Fingery,2026-06-11 07:20:20,5c/V2,5c/V2,True,1,True,2,2,True,True,
tension,20,Fingery,2026-06-11 07:21:40,5c/V2,5c/V2,True,1,False,2,2,True,True,
tension,40,Fingery,2026-06-11 07:28:26,6b/V4,6b/V4,True,1,True,4,4,True,True,
tension,40,Fingery,2026-06-11 07:38:43,6b/V4,6b/V4,True,1,False,4,4,True,True,
tension,40,pinch me lefty,2026-06-11 07:47:26,6c/V5,6c/V5,True,1,False,2,2,True,True,
tension,40,trainer1,2026-06-13 09:49:27,5a/V1,5a/V1,True,1,True,1,1,False,True,
tension,40,Newby Blues,2026-06-13 09:50:29,5a/V1,5a/V1,True,1,True,2,2,True,True,
tension,40,Matchbook,2026-06-13 10:01:18,5b/V1,5b/V1,True,1,False,1,1,False,True,
tension,40,Matchbook,2026-06-13 10:03:13,5b/V1,5b/V1,True,1,True,1,1,False,True,
tension,40,give shorty a foot,2026-06-13 10:17:34,5b/V1,5b/V1,True,2,True,2,3,True,True,
tension,40,Hold Up,2026-06-13 10:23:55,5b/V1,5b/V1,True,1,True,1,1,False,True,
tension,40,Hold Up,2026-06-13 10:27:22,5b/V1,5b/V1,True,1,False,1,1,False,True,
tension,40,Baby Steps,2026-06-13 10:34:28,5b/V1,5b/V1,True,1,True,1,1,False,True,
tension,40,gabby v1,2026-06-13 10:39:32,5b/V1,5b/V1,True,1,True,1,1,False,True,
tension,40,gabby v1,2026-06-13 10:48:19,5b/V1,5b/V1,True,2,False,1,2,False,True,
tension,30,CRIMP TRAINER,2026-06-16 00:00:00,nan,7a+/V7,False,1,False,7,9,True,False,nan
tension,0,CRIMP TRAINER,2026-06-16 07:14:16,5a/V1,5b/V1,False,1,False,22,22,True,True,
tension,10,CRIMP TRAINER,2026-06-16 07:22:58,5a/V1,5b/V1,False,1,True,19,20,True,True,
tension,10,CRIMP TRAINER,2026-06-16 07:39:50,5a/V1,5b/V1,False,1,False,17,18,True,True,
tension,10,CRIMP TRAINER,2026-06-16 07:39:53,5a/V1,5b/V1,False,1,True,19,21,True,True,
tension,20,CRIMP TRAINER,2026-06-16 07:40:02,7a/V6,7a/V6,True,1,False,16,17,True,True,
tension,20,CRIMP TRAINER,2026-06-16 07:46:31,7a/V6,7a/V6,True,1,True,16,18,True,True,
